Predicted,Actual
6602300.8060,6611.0000
779687.4093,1069887.0000
2274459.3500,75436.0000
3083801.8185,65366.0000
752894.9169,57879.0000
1443393.4500,1028628.0000
2062628.3806,76850.0000
27369196.7017,2476812.0000
1642544.0988,18904.0000
7103668.1837,2739364.0000
1719756.0998,4927393.0000
224668.4593,1296052.0000
2488563.2434,106.0000
2488563.2434,560561.0000
2488563.2434,238319.0000
1642544.0988,17136.0000
2488563.2434,624596.0000
4674312.3669,17008.0000
5359636.6200,23239081.0000
2488563.2434,94412.0000
2488563.2434,286671.0000
9537851.1560,36.0000
11383084.9800,14082.0000
2223211.9458,4351.0000
476699.3600,2.0000
2488563.2434,329437.0000
3050689.6322,102737.0000
3583952.5874,1076199.0000
170538.2274,3227.0000
2488563.2434,91261.0000
2340298.7915,9450.0000
1642544.0988,1625972.0000
2488563.2434,76244.0000
2488563.2434,154.0000
5637835.2661,871563.0000
2488563.2434,643.0000
4359710.8248,11393224.0000
1794219.8950,126.0000
130989.3792,2929493.0000
4058303.1720,45776.0000
2488563.2434,56813.0000
2488563.2434,63345.0000
2488563.2434,2079321.0000
10246445.4533,56131.0000
2488563.2434,29271.0000
1962684.3728,567383.0000
1184994.7330,3333.0000
2488563.2434,23265.0000
2488563.2434,1078518.0000
1642544.0988,9175403.0000
2488563.2434,286528.0000
2488563.2434,109936.0000
4555142.5515,35820.0000
1467380.2517,2974.0000
2488563.2434,100.0000
2488563.2434,7511.0000
2946677.1425,167738.0000
955355.9784,6922.0000
33524130.9175,499097.0000
4149194.3410,164402.0000
2488563.2434,21054.0000
1144559.7800,1758894.0000
2488563.2434,606959.0000
2488563.2434,238.0000
304286.1000,27984.0000
2488563.2434,184496.0000
2581988.5922,895113.0000
2488563.2434,1050.0000
4352365.1000,908512.0000
2488563.2434,256039.0000
81086.1138,8282080.0000
2488563.2434,90195.0000
3107.6775,741.0000
846403.2761,113687146.0000
54876.4716,35187.0000
2488563.2434,110714.0000
4929579.1179,6932031.0000
2488563.2434,110635.0000
2488563.2434,17805.0000
927051.2848,698467.0000
2488563.2434,1110513.0000
3741410.4236,76441.0000
2488563.2434,1189.0000
7419381.0909,9573.0000
2488563.2434,128948.0000
6257268.6475,74856711.0000
2488563.2434,42966181.0000
2488563.2434,193251.0000
2278496.8593,168148.0000
2808575.5948,185062.0000
2488563.2434,55917.0000
2488563.2434,1146.0000
2278496.8593,258064.0000
3173568.7485,861799.0000
2488563.2434,36545.0000
220169.5827,23957.0000
2488563.2434,569.0000
2488563.2434,1434073.0000
9890565.1903,15435.0000
2581988.5922,4516591.0000
2488563.2434,13063.0000
413362.6763,87500.0000
2488563.2434,301453.0000
17433675.2149,709.0000
12499946.3400,16766794.0000
274914.2870,1142884.0000
2488563.2434,392166.0000
2488563.2434,26211.0000
9447081.8055,21326.0000
1688066.5800,220220.0000
2488563.2434,46757.0000
483447.8493,134480.0000
779687.4093,309255.0000
774858.7800,526820.0000
2988256.0872,237807.0000
2488563.2434,601858.0000
582130.9354,1667650.0000
2488563.2434,41280.0000
2488563.2434,597829.0000
2488563.2434,7128.0000
807034.0280,1033003.0000
2488563.2434,11534400.0000
46252.0800,272334.0000
9435169.7400,79214.0000
667870.4721,3812.0000
2488563.2434,4849474.0000
1642544.0988,11634951.0000
2488563.2434,394731.0000
1202884.2894,72814.0000
2488563.2434,6505.0000
4834456.6009,181.0000
5637835.2661,4308568.0000
2488563.2434,1904671.0000
2618293.6687,5741.0000
2488563.2434,1609276.0000
2533529.8824,62.0000
5911566.7300,242859.0000
2488563.2434,96330.0000
7419381.0909,2762.0000
2488563.2434,17378418.0000
2488563.2434,117029.0000
10535728.6100,4397428.0000
2488563.2434,82789.0000
2315611.0985,316784.0000
7634796.6490,70189.0000
4630162.6900,311.0000
3348138.8560,278871.0000
2488563.2434,69523.0000
2488563.2434,31794.0000
2488563.2434,115410.0000
2488563.2434,8161666.0000
2488563.2434,425207.0000
428054.7313,87456.0000
7419381.0909,79195.0000
2488563.2434,1337108.0000
2806554.1717,303332.0000
5217218.5175,5946263.0000
2488563.2434,17301.0000
2488563.2434,3500.0000
2502324.7051,756.0000
2488563.2434,2590767.0000
7419381.0909,12530626.0000
2488563.2434,191721.0000
2488563.2434,43411.0000
2326840.9750,506663.0000
2488563.2434,51977.0000
2488563.2434,15368.0000
1642544.0988,1255779.0000
2488563.2434,62207.0000
2488563.2434,156280.0000
2488563.2434,6210371.0000
99888.9789,31028774.0000
2488563.2434,115274.0000
2267773.0734,479444.0000
779687.4093,485072.0000
2488563.2434,6636.0000
1598749.7304,10696876.0000
5674761.9372,12219028.0000
2917527.5254,47235.0000
2488563.2434,100.0000
4555142.5515,353567.0000
11216217.9680,266203.0000
2488563.2434,50186.0000
2488563.2434,11687.0000
4744128.4965,40953.0000
3578117.5439,618353.0000
2488563.2434,69881.0000
2488563.2434,82320.0000
2488563.2434,85881.0000
4788116.6273,111906713.0000
2488563.2434,898.0000
2488563.2434,607414.0000
2061592.2682,495543.0000
2488563.2434,362275.0000
2488563.2434,31445.0000
6262393.4405,58863.0000
2488563.2434,615.0000
1380797.1300,56424844.0000
2488563.2434,177634.0000
2488563.2434,1682.0000
2488563.2434,565897.0000
2488563.2434,2254.0000
19928922.7400,253475.0000
779926.8196,447201.0000
2583335.2267,54595.0000
3763242.5957,248474.0000
1973771.0093,62606.0000
2488563.2434,2279.0000
5637835.2661,124128.0000
17569747.8600,1956312.0000
3029690.2094,114712.0000
432614.9014,1456495.0000
1772243.3865,348.0000
1218546.8637,175038.0000
2488563.2434,292090.0000
1031732.2275,2271.0000
4833886.1425,955415.0000
36291606.9200,80927.0000
3038574.6975,1471951.0000
2488563.2434,47.0000
394550.6628,257244.0000
1950530.4562,361.0000
5794316.4300,449645.0000
2488563.2434,265408.0000
10958007.8964,10762.0000
8585127.0772,1064729.0000
2488563.2434,74117.0000
601893.7656,127917.0000
19217.0453,43006.0000
738633.0779,2160277.0000
85095.0736,16120.0000
11758475.3779,1747231.0000
2488563.2434,120745.0000
2488563.2434,325.0000
2488563.2434,628.0000
5618710.1492,132437.0000
7526132.7300,1050.0000
2429539.0599,1896760.0000
2488563.2434,338879.0000
2488563.2434,1215082.0000
6695950.4604,2243715.0000
2488563.2434,5618.0000
2488563.2434,94095411.0000
1478231.9739,431.0000
186532.2504,22059.0000
5770543.2100,2110696.0000
2488563.2434,40239.0000
993459.5897,46976.0000
5918924.4225,157627.0000
2488563.2434,13976.0000
23606665.4743,7401.0000
694498.9602,1417666.0000
2488563.2434,238558.0000
2488563.2434,2218401.0000
2488563.2434,771.0000
428920.8599,77527.0000
2488563.2434,2073.0000
2488563.2434,258842.0000
4934875.5400,2059200.0000
2488563.2434,57016.0000
2488563.2434,5730289.0000
464832.1600,17755.0000
2488563.2434,4596149.0000
24345967.3970,10513.0000
7329165.2600,904253.0000
17602447.4760,3540.0000
168974.2775,641624.0000
2488563.2434,2277005.0000
2488563.2434,127609.0000
12226871.5400,1029686.0000
2488563.2434,7473.0000
919797.3909,327233.0000
4379944.0632,22413.0000
2488563.2434,244214.0000
1585718.6731,16625647.0000
7698769.0563,12897.0000
2488563.2434,215994.0000
2488563.2434,26.0000
2488563.2434,41204.0000
2488563.2434,78465.0000
1077832.5700,170792.0000
2488563.2434,5222.0000
32402.4693,476929.0000
2429539.0599,8169.0000
9643952.4712,401261.0000
2488563.2434,24266.0000
2488563.2434,8361.0000
3945651.0400,1403716.0000
435863.3364,21132027.0000
2488563.2434,645530.0000
2488563.2434,15927.0000
1642544.0988,61333777.0000
12276624.0750,44471.0000
2488563.2434,55714.0000
5843997.8240,68986.0000
5619589.0281,20963238.0000
2488563.2434,2941.0000
1329175.2150,2102251.0000
2886582.1914,34874.0000
2488563.2434,118885.0000
11918046.8900,9964.0000
2488563.2434,63608.0000
2056891.1797,870.0000
1670880.9535,79243.0000
2488563.2434,4595839.0000
2488563.2434,2172028.0000
2488563.2434,2361069.0000
2488563.2434,94.0000
4521694.7108,78961.0000
4292067.4833,522747.0000
17289470.3358,172568.0000
972826.9333,74755.0000
6721733.7367,5948502.0000
6749248.4000,1378207.0000
543551.7330,50521.0000
1642544.0988,8981.0000
4702639.1175,1386334.0000
20718309.8654,19918651.0000
2488563.2434,5129682.0000
1797291.1967,1327.0000
2488563.2434,53225944.0000
1780557.7360,224363.0000
1642544.0988,101492.0000
2488563.2434,432441.0000
5304690.4728,1603192.0000
50402468.8833,2075310.0000
1564285.6885,56681.0000
582130.9354,57578.0000
2488563.2434,69964.0000
4495190.6300,695393.0000
2488563.2434,70310.0000
2662392.9667,827262.0000
1642544.0988,442100.0000
16499129.8000,27862.0000
1000160.9034,137.0000
2488563.2434,1727.0000
2488563.2434,1064271.0000
2277845.6600,736568.0000
2488563.2434,170251.0000
99888.9789,1406.0000
2488563.2434,822.0000
2574661.4743,452997.0000
3390049.7559,1569003.0000
2488563.2434,13807.0000
5815920.6573,137448.0000
2488563.2434,257535.0000
2488563.2434,383.0000
11908196.1900,9742931.0000
1038739.4815,59062.0000
2488563.2434,207824.0000
2488563.2434,1479423.0000
7018498.2900,5346854.0000
1505500.0632,49538.0000
1642544.0988,1648.0000
1921262.6283,89453.0000
2488563.2434,239353.0000
2488563.2434,57562.0000
1642544.0988,29660.0000
9772562.0803,3223.0000
315509.2317,571266.0000
5292112.0638,730974.0000
2488563.2434,6279.0000
2488563.2434,31725567.0000
932498.4838,517987.0000
2488563.2434,309.0000
7419381.0909,199077.0000
1884010.5600,104041.0000
2488563.2434,109739.0000
2488563.2434,326.0000
2886179.8597,425688.0000
2488563.2434,428.0000
3207886.5900,2184503.0000
2429539.0599,155630.0000
3374195.3020,14202939.0000
2488563.2434,2215.0000
28196819.7833,40605314.0000
2488563.2434,51400.0000
2278496.8593,13626421.0000
107611.4310,5687.0000
6391244.5400,782146.0000
2926004.5055,1826176.0000
2488563.2434,455472.0000
2634468.0070,893903.0000
1475036.9775,1460204.0000
507576.3275,514204.0000
4194578.2369,80429.0000
2488563.2434,40720.0000
2488563.2434,246606.0000
2488563.2434,59888.0000
6645752.1700,198977.0000
2488563.2434,15342932.0000
2488563.2434,5580.0000
81086.1138,4191.0000
2429539.0599,947151.0000
2488563.2434,938824.0000
6388644.1125,26641.0000
2056891.1797,2449087.0000
2488563.2434,146245.0000
2488563.2434,19582.0000
2488563.2434,163248.0000
2488563.2434,739904.0000
1642544.0988,629439.0000
6171095.3700,168469.0000
6378029.3313,913470.0000
1357463.5767,75792.0000
5440400.2311,290336.0000
2488563.2434,57095.0000
2488563.2434,155.0000
15379439.0833,160779.0000
557712.3699,15280258.0000
2488563.2434,1421.0000
2488563.2434,505045.0000
2488563.2434,340219.0000
2429539.0599,74103519.0000
1624347.9497,11925.0000
7284209.8161,2510121.0000
2488563.2434,894.0000
2360046.2015,145897.0000
4555142.5515,409754.0000
2488563.2434,29131587.0000
2488563.2434,6966.0000
2488563.2434,1796.0000
2488563.2434,580413.0000
1127146.3429,259425.0000
2488563.2434,3509251.0000
258974.2255,6326198.0000
8010508.3936,6262315.0000
2488563.2434,5322.0000
2488563.2434,487821.0000
21677318.1733,20132.0000
3647645.2834,20638887.0000
2429539.0599,23450378.0000
12817568.0100,1910628.0000
2488563.2434,88503.0000
3817748.6258,104426.0000
393174.8314,54172.0000
2488563.2434,72582.0000
2488563.2434,388263.0000
4526323.8059,2379710.0000
7419381.0909,15995.0000
4397921.2000,821207.0000
8222889.7450,27940917.0000
2488563.2434,83324359.0000
4059183.6500,62818.0000
21354799.9800,10462.0000
2488563.2434,6524935.0000
2488563.2434,16324.0000
15646643.7367,1896294.0000
2488563.2434,12346551.0000
2488563.2434,5316.0000
2488563.2434,17234175.0000
2488563.2434,396.0000
11191177.2586,2283371.0000
2488563.2434,1424.0000
889107.9629,1103157.0000
344364.3133,219103.0000
2488563.2434,7512.0000
2488563.2434,47726.0000
657703.3966,33032.0000
9371035.3342,3323473.0000
12735837.6317,538045.0000
2488563.2434,7844732.0000
2488563.2434,325716.0000
2488563.2434,4113464.0000
57687.6437,1235.0000
11889542.5900,59776.0000
2488563.2434,399694.0000
2488563.2434,4816.0000
2429539.0599,124268.0000
1242151.9179,1437059.0000
245208.0305,1066822.0000
2429539.0599,9406.0000
11316.9066,137602.0000
1510300.4797,203858.0000
3417532.8000,9699464.0000
2488563.2434,826.0000
6383327.6625,65142.0000
1642544.0988,2588.0000
4046606.3225,384590.0000
5010669.1096,260307.0000
2488563.2434,439882.0000
2488563.2434,30885.0000
1767568.3326,262855.0000
2278496.8593,23348.0000
545024.6200,188475.0000
2488563.2434,200029.0000
2488563.2434,28115.0000
3147886.9153,300863.0000
2488563.2434,131.0000
2630059.5300,955774.0000
2581988.5922,23994.0000
2960965.7602,7070570.0000
2278496.8593,271869.0000
2488563.2434,94161.0000
283125.8684,86392.0000
9434319.4125,17221162.0000
2587384.1738,259665.0000
2488563.2434,252.0000
1054854.0020,741149.0000
199996.0870,77144.0000
1671714.2854,3792975.0000
2488563.2434,6420385.0000
276648.1907,198863.0000
2989287.8800,317898.0000
2981632.9701,9332.0000
1136113.7950,13845381.0000
2488563.2434,147692.0000
2488563.2434,7224.0000
2488563.2434,3952953.0000
9646913.5810,83169.0000
24009901.0192,32087.0000
2488563.2434,78984.0000
2488563.2434,2985912.0000
991090.3269,4398615.0000
779687.4093,4195982.0000
3106244.0050,2141850.0000
2488563.2434,88132.0000
2488563.2434,31579.0000
5010669.1096,39302.0000
5142688.1800,54579.0000
4317319.4825,261848.0000
1853445.2217,8476.0000
1627226.8885,1717380.0000
85047.0594,2588889.0000
2488563.2434,390.0000
9447081.8055,1439934.0000
4555142.5515,16816.0000
2488563.2434,975.0000
694498.9602,412997.0000
2488563.2434,4447.0000
5882326.0000,2.0000
2429539.0599,11286.0000
2488563.2434,122.0000
2488563.2434,29211.0000
2488563.2434,610121.0000
2488563.2434,21461.0000
2488563.2434,1778.0000
3463181.7954,8866.0000
2488563.2434,89101.0000
1950530.4562,65027.0000
1564285.6885,3019452.0000
2488563.2434,2103.0000
4071383.6950,27768208.0000
2467230.8425,2040432.0000
2488563.2434,7118684.0000
2488563.2434,7258.0000
2488563.2434,722186.0000
8059049.8600,206384.0000
2488563.2434,806.0000
2488563.2434,695822.0000
6415751.4342,48195.0000
2488563.2434,593101.0000
2327508.6600,202225.0000
5760132.3333,199664.0000
955355.9784,847669.0000
122970.0300,187.0000
2488563.2434,6490.0000
2488563.2434,2497676.0000
2370670.7349,5512037.0000
2488563.2434,891151.0000
2488563.2434,691181.0000
2488563.2434,138475.0000
2488563.2434,45542734.0000
2488563.2434,8237.0000
10646565.6900,90616623.0000
2429539.0599,819.0000
3635043.9384,4076.0000
1073128.8060,88955.0000
2488563.2434,66125.0000
2829216.1529,40705.0000
14753488.9457,33100.0000
2488563.2434,31128095.0000
2488563.2434,38141052.0000
1642544.0988,337420.0000
2488563.2434,61198.0000
9084078.5567,70764.0000
692065.0100,2.0000
2488563.2434,4089102.0000
2043682.1957,850664.0000
2488563.2434,52296110.0000
2488563.2434,1169.0000
107611.4310,817312.0000
2488563.2434,458.0000
4150731.1800,103046.0000
784716.5200,13985.0000
55342.0318,261857.0000
2488563.2434,93268.0000
6750987.3200,72386768.0000
5364508.9792,779.0000
6374661.6975,36566.0000
2488563.2434,571806.0000
2005505.9718,420.0000
114535.4969,6385.0000
2488563.2434,479145.0000
1499201.5900,8.0000
2488563.2434,459722.0000
2488563.2434,21619630.0000
2488563.2434,6443.0000
3916780.6790,32919.0000
2488563.2434,56521835.0000
2488563.2434,3747153.0000
1570667.9785,26846.0000
2829216.1529,3117621.0000
12545934.1536,1017959.0000
2488563.2434,10544.0000
13108029.4067,48002.0000
2124648.9362,247679.0000
384504.6042,778.0000
2488563.2434,100385.0000
23466887.7933,205.0000
2488563.2434,132751.0000
775621.9512,7292284.0000
1058658.0323,1460.0000
2488563.2434,33.0000
5759087.0332,1282.0000
2488563.2434,1977970.0000
2429539.0599,1470245.0000
422482.0772,66581.0000
1890146.6429,1367420.0000
298373.3711,53915.0000
2488563.2434,600511.0000
994643.6986,3305112.0000
3443634.4928,1044114.0000
2488563.2434,49071270.0000
709907.6415,81842.0000
1801205.1998,34741.0000
23488049.5117,4767443.0000
3762331.6900,1301100.0000
7798586.8658,391402.0000
2488563.2434,18876.0000
2488563.2434,2539163.0000
5843997.8240,351.0000
5637835.2661,14.0000
332970.2337,5378.0000
1543097.5140,68335.0000
2488563.2434,15933330.0000
2488563.2434,3430145.0000
2488563.2434,16517.0000
3032253.6750,42138.0000
3107.6775,4172.0000
2056891.1797,6802.0000
3777655.8267,536545.0000
6758951.9671,42102.0000
2488563.2434,2563.0000
2488563.2434,3794.0000
19057757.6900,19011426.0000
253141.1607,377622.0000
2488563.2434,178409.0000
3303380.9200,416113.0000
2488563.2434,1669.0000
2488563.2434,25064496.0000
2278496.8593,14012.0000
2052642.7579,560529.0000
2488563.2434,4515.0000
846403.2761,12698332.0000
1880703.4450,17212.0000
1506250.7411,12266.0000
2488563.2434,101404.0000
1642544.0988,342642.0000
2488563.2434,2404390.0000
3609240.2051,4562660.0000
10904298.0650,128.0000
2488563.2434,1123921.0000
3020753.4767,47266220.0000
2488563.2434,350985.0000
2488563.2434,9736861.0000
526578.4464,792.0000
2488563.2434,45273.0000
2488563.2434,2399.0000
1703361.6400,5285.0000
2488563.2434,77372.0000
2211886.3820,99528.0000
2488563.2434,20899466.0000
2488563.2434,898.0000
1024835.4384,602462.0000
7233803.0325,220429.0000
2488563.2434,378699.0000
2488563.2434,2551473.0000
2488563.2434,1515.0000
2343431.5923,2077.0000
2488563.2434,19936237.0000
3291908.2113,93711488.0000
2488563.2434,1224018.0000
2488563.2434,53616.0000
2488563.2434,7248.0000
2811684.3000,22069.0000
2939997.0000,26073.0000
2488563.2434,2247205.0000
14685470.6024,978294.0000
2488563.2434,2517358.0000
2568194.1498,119296.0000
377002.5367,19311.0000
2488563.2434,14387258.0000
478914.8925,361156.0000
2488563.2434,14199035.0000
2488563.2434,6376.0000
8579557.3300,21956.0000
6204764.4100,750.0000
2488563.2434,1850449.0000
3143476.5152,6109.0000
2488563.2434,1915317.0000
10767161.9770,10108.0000
2473695.5700,901182.0000
12884266.7800,1406669.0000
2488563.2434,4265.0000
4153075.4815,50925.0000
3647645.2834,1092.0000
252044.0655,1310.0000
3858375.2750,229474.0000
2488563.2434,1475.0000
2488563.2434,881.0000
2488563.2434,109608.0000
4703133.1700,1233.0000
148697.0900,22213.0000
2624030.1009,1073.0000
2488563.2434,379218.0000
2488563.2434,1534718.0000
5637835.2661,12446.0000
6440897.8550,6210145.0000
2488563.2434,4526789.0000
1543173.6817,241839.0000
461194.3651,237619.0000
2488563.2434,1506945.0000
189910.2390,1936835.0000
2223211.9458,156336.0000
2488563.2434,2560050.0000
285400.3427,51276.0000
3461478.8933,15423.0000
5658475.7664,272910.0000
2278496.8593,4820.0000
3453260.0043,123996.0000
7419381.0909,836852.0000
2501645.5638,29409.0000
404479.2404,42330.0000
2488563.2434,198281.0000
3228587.6450,21713.0000
2488563.2434,818.0000
81998.6300,9947.0000
17732732.0944,34459.0000
530778.8260,421134.0000
44342087.2300,31089478.0000
2488563.2434,4202.0000
1455162.1580,656.0000
18789974.8200,1272188.0000
6009051.7715,65195.0000
2237645.0341,6216.0000
7419381.0909,8519.0000
3138419.6425,1207600.0000
5637835.2661,372100.0000
7419381.0909,325.0000
2488563.2434,799647.0000
2126545.1689,1879342.0000
2488563.2434,1020.0000
2988256.0872,350443.0000
2488563.2434,82926.0000
3896298.8967,47682.0000
2124648.9362,1696.0000
432614.9014,86511.0000
877170.4290,52321.0000
410183.3445,49679.0000
2488563.2434,2984348.0000
3241814.4975,81042.0000
2488563.2434,14868.0000
2488563.2434,1073826.0000
1867373.1700,5529.0000
2488563.2434,28952.0000
632451.5258,475.0000
664092.4882,323398.0000
10555925.3375,12469.0000
1642544.0988,500875.0000
4555142.5515,99001.0000
2488563.2434,152752.0000
5523881.2800,3278532.0000
2488563.2434,2402873.0000
2488563.2434,62163652.0000
1083902.0971,799702.0000
1376301.4667,1224566.0000
1237269.8865,173171.0000
2488563.2434,5778943.0000
2488563.2434,676.0000
5694243.1113,19022.0000
9411828.6650,150044.0000
2278496.8593,202349.0000
2488563.2434,181693.0000
9070838.2300,66568.0000
12589810.9100,486126.0000
2213844.3440,9416.0000
2488563.2434,36844.0000
2488563.2434,190154.0000
5071835.6143,9729.0000
1642544.0988,243727.0000
2488563.2434,6524893.0000
2488563.2434,78666.0000
7411409.5200,55519.0000
2488563.2434,690.0000
2488563.2434,5988.0000
2488563.2434,7952.0000
2488563.2434,87072.0000
31589584.9300,31607318.0000
14572199.7000,82862.0000
1391406.6688,5071591.0000
1777290.2511,99946.0000
2488563.2434,27423.0000
2488563.2434,26819.0000
921244.4877,1898052.0000
16772192.4401,1501084.0000
1642544.0988,3349230.0000
10302503.0500,4484481.0000
4265602.3150,11.0000
2488563.2434,5598953.0000
779687.4093,164200.0000
2488563.2434,86377.0000
3300630.3702,352903.0000
2488563.2434,3626.0000
2469344.0494,28269470.0000
2124648.9362,14041077.0000
2488563.2434,108.0000
3123822.2056,101.0000
1413901.3301,19358.0000
1182271.4738,1064601.0000
2488563.2434,327.0000
2488563.2434,131672.0000
19079884.1600,197.0000
8575256.3362,170675.0000
16549336.4385,3655019.0000
246826.4208,4226143.0000
12839178.3467,9299.0000
2488563.2434,116.0000
2488563.2434,12365.0000
3685426.8523,7651176.0000
2322502.4480,3958057.0000
88304.7306,169663.0000
288331.7075,11574.0000
5423302.3150,300543.0000
3817749.8200,2966205.0000
640005.2303,420001.0000
103820.0977,246472.0000
2488563.2434,890.0000
2488563.2434,57455.0000
2488563.2434,96.0000
4058303.1720,439356.0000
1642544.0988,188835.0000
788551.6248,135884.0000
422306.5606,7826.0000
1831544.3400,118864.0000
2488563.2434,440.0000
4179439.4556,645416.0000
2869614.7900,248555.0000
2488563.2434,1362365.0000
112695.5560,62595.0000
2582260.2128,283064.0000
2488563.2434,35949803.0000
6890090.7495,25659.0000
4313204.4100,65603096.0000
315587.4725,51718.0000
2488563.2434,262673.0000
687539.3941,238177.0000
2488563.2434,467633.0000
2488563.2434,362.0000
1119809.8200,1124.0000
2488563.2434,2166378.0000
1083137.9663,4378791.0000
1554036.7180,189516.0000
8382708.6952,197974.0000
1244982.5700,11017.0000
2488563.2434,1889.0000
7102308.4574,52100.0000
5204910.5536,326709.0000
2488563.2434,135587.0000
4924901.5680,173382.0000
2488563.2434,55.0000
220896.9415,69585.0000
2488563.2434,25678.0000
163907.4325,275772.0000
10183942.0143,427983.0000
3111524.6600,4345.0000
2488563.2434,5907963.0000
2488563.2434,634573.0000
2488563.2434,36049.0000
1400048.8033,373.0000
7419381.0909,1754412.0000
2488563.2434,34531.0000
5882326.0000,4534.0000
2488563.2434,166678.0000
2488563.2434,22668.0000
2488563.2434,1265644.0000
27389905.9868,519512.0000
2488563.2434,13360.0000
2488563.2434,26179.0000
2488563.2434,1553578.0000
2488563.2434,254461.0000
7251140.5480,11610790.0000
2488563.2434,9140.0000
2488563.2434,2871488.0000
7283285.9900,224535.0000
545024.6200,30034.0000
1853475.2124,522184.0000
2488563.2434,450005.0000
5637835.2661,208585.0000
6346335.5700,2553534.0000
2488563.2434,109431.0000
4676808.7450,236568.0000
9683561.4100,524515.0000
5586506.8600,10835892.0000
2488563.2434,4234.0000
2488563.2434,18626.0000
2488563.2434,145.0000
1794887.6892,21589.0000
9447081.8055,319358.0000
81086.1138,384302.0000
2278496.8593,169627.0000
2488563.2434,2745.0000
111935.8757,83746.0000
99888.9789,33878.0000
2278496.8593,3485.0000
2488563.2434,217684.0000
2488563.2434,68291.0000
1642544.0988,18812.0000
2442452.5317,102973.0000
2259158.8975,238259.0000
5637835.2661,9330.0000
3455430.5783,990144.0000
2488563.2434,6775.0000
2488563.2434,334043.0000
59244312.9200,39065.0000
2488563.2434,81370.0000
1043151.5379,141893.0000
2810927.9431,88.0000
2459716.1300,568549.0000
2488563.2434,826.0000
2429539.0599,137801.0000
3963063.5960,49471.0000
5110740.3600,269206.0000
2278496.8593,7611975.0000
8520959.6900,18713476.0000
3893298.7065,218748.0000
2488563.2434,3367.0000
3647645.2834,2980078.0000
901488.0221,3943667.0000
2488563.2434,10799450.0000
13388394.4575,5898.0000
2488563.2434,1053.0000
9506037.5900,27984.0000
1983254.2500,2442.0000
1165610.3748,7153.0000
2488563.2434,41094041.0000
2488563.2434,928.0000
2488563.2434,1039636.0000
2488563.2434,50738356.0000
2488563.2434,10737707.0000
2488563.2434,2671669.0000
5549072.8739,609740.0000
2442452.5317,62846.0000
2488563.2434,66531.0000
2488563.2434,119735.0000
2488563.2434,464757.0000
669963.1770,9054.0000
532391.8580,28621.0000
1042152.7225,1821.0000
2488563.2434,15282.0000
2132103.6400,73444.0000
1348180.6314,319.0000
966017.9270,18785.0000
21825961.5580,884813.0000
2488563.2434,39709.0000
48486906.5200,238.0000
2488563.2434,19839.0000
8314733.5807,945382.0000
7437754.1633,218434.0000
685149.8578,1094.0000
2488563.2434,497948.0000
2488563.2434,35295.0000
2488563.2434,52522.0000
2488563.2434,21331.0000
287215.0600,199.0000
2488563.2434,4530.0000
1847971.8200,35493253.0000
1663038.6385,91.0000
5391451.3300,10623.0000
2488563.2434,1233.0000
2488563.2434,20005.0000
2488563.2434,9738.0000
5374729.3900,2005555.0000
12656368.8283,5843587.0000
2488563.2434,2662962.0000
2488563.2434,10279978.0000
2488563.2434,63529.0000
2488563.2434,276888.0000
2488563.2434,4476365.0000
2488563.2434,34437.0000
2278496.8593,106580.0000
9259973.3600,1919570.0000
3207844.7600,14588058.0000
5900966.9405,680263.0000
2488563.2434,18926026.0000
3131392.2547,7214.0000
1210372.5430,87986.0000
2488563.2434,5487032.0000
1506250.7411,12070.0000
6370123.4291,515244.0000
2488563.2434,3.0000
2955933.3562,13831.0000
4796522.3038,10172.0000
1247684.9402,4387.0000
2488563.2434,395.0000
1110854.9604,5216.0000
2488563.2434,209.0000
5543644.6369,1004541.0000
1024905.0100,1847083.0000
1642544.0988,170443.0000
2488563.2434,219451.0000
17678001.3700,16917.0000
1505500.0632,2583011.0000
2488563.2434,37569.0000
245102.5289,132332.0000
525126.8756,48696.0000
753453.6467,76733.0000
3542935.7070,14835226.0000
95129.6077,92261.0000
3805817.3373,74330.0000
2488563.2434,7029.0000
2488563.2434,965080.0000
155436.2300,31841.0000
1801205.1998,175694.0000
6071711.2762,53418.0000
2488563.2434,53557.0000
2488563.2434,1500.0000
2469344.0494,234304.0000
428054.7313,672875.0000
2488563.2434,880602.0000
25545468.5558,19136792.0000
1242811.2396,55508.0000
2829216.1529,61867317.0000
1506250.7411,20558.0000
3871331.1201,40117.0000
9765577.5327,71119.0000
4448163.4700,26127.0000
2488563.2434,3522.0000
3848246.0998,712736.0000
1078440.9254,7910.0000
888856.3187,429563.0000
92874.8200,475904.0000
2488563.2434,2539823.0000
10100033.1733,4457458.0000
2488563.2434,13135161.0000
6974078.2698,11439544.0000
430834.8523,281562.0000
2134772.2192,70933.0000
2488563.2434,2864326.0000
2488563.2434,555.0000
435112.5086,261320.0000
2488563.2434,222.0000
2488563.2434,2016.0000
2488563.2434,3618.0000
227974.6300,774.0000
2800835.2000,707.0000
2488563.2434,3824.0000
1182271.4738,5193.0000
7782278.0531,14256.0000
32720498.9614,105873.0000
2488563.2434,1897861.0000
4195638.4542,1029124.0000
2488563.2434,20005.0000
12702615.5548,238.0000
2488563.2434,1444509.0000
9441766.9889,156832.0000
7419381.0909,65351.0000
2055559.9200,627108.0000
2488563.2434,2472639.0000
2488563.2434,74273.0000
5398132.4200,1106106.0000
2488563.2434,6203.0000
2340298.7915,1032295.0000
32402.4693,916414.0000
2340298.7915,2597264.0000
2797222.7400,703156.0000
6274248.4083,1395733.0000
736993.3957,11542.0000
986488.4335,19768.0000
2229595.4381,131580.0000
2810520.6033,18858.0000
2488563.2434,5304371.0000
2488563.2434,10272010.0000
2488563.2434,20786.0000
183062.6591,92578.0000
2488563.2434,58951.0000
1979735.5210,22584.0000
2488563.2434,254134.0000
9890565.1903,111715.0000
2488563.2434,2587927.0000
2367930.3200,1899282.0000
5273816.8721,4139799.0000
23484660.3717,523076.0000
2488563.2434,1346.0000
38011018.2100,2389579.0000
793405.5707,7148.0000
2488563.2434,1593645.0000
2488563.2434,46610.0000
2488563.2434,67355.0000
2108028.7977,1913987.0000
54221615.0443,12472335.0000
7660133.6742,2362.0000
5021346.7200,140650.0000
2488563.2434,19953.0000
2488563.2434,184740.0000
915055.3972,3092030.0000
3542628.5600,15.0000
5602277.2384,4508.0000
995356.3737,13521.0000
18514848.9550,8964069.0000
1864940.2195,7019258.0000
496276.8827,67315.0000
1155169.4294,1977.0000
2488563.2434,11861.0000
2488563.2434,2452860.0000
1642544.0988,159867.0000
1032418.1725,211269.0000
4098593.1850,682567.0000
2488563.2434,138093.0000
2488563.2434,1053102.0000
2488563.2434,9346.0000
679292.1830,64878.0000
870925.8030,1353.0000
2488563.2434,176896.0000
2488563.2434,534172.0000
2488563.2434,6139055.0000
2488563.2434,131468.0000
2488563.2434,359662.0000
1874946.6854,2243678.0000
978823.4873,1273529.0000
3103740.6121,1732641.0000
2488563.2434,89653.0000
5858309.3500,2398531.0000
15705792.4968,1902852.0000
2429539.0599,529599.0000
141512.0725,1.0000
517169.2117,507.0000
9224177.8600,4329.0000
2234991.2254,96693.0000
2488563.2434,652.0000
779687.4093,824965.0000
1642544.0988,45695.0000
2145357.1800,2483525.0000
2488563.2434,18302669.0000
7902955.8619,576859.0000
2488563.2434,324782.0000
3647645.2834,11752628.0000
2488563.2434,38.0000
1642544.0988,7646.0000
978823.4873,2945.0000
3463549.4315,54627.0000
2488563.2434,83740.0000
2403119.0216,39101.0000
4316316.5688,25319792.0000
2488563.2434,246053.0000
2488563.2434,2091078.0000
2488563.2434,19147.0000
3703178.3226,1499867.0000
2516391.6514,1199693.0000
3077577.9210,1158.0000
1126271.6309,1670986.0000
1642544.0988,2751136.0000
5843997.8240,330679.0000
2488563.2434,221724.0000
2488563.2434,66857.0000
1755151.8949,1226590.0000
29414.1337,32916.0000
4798499.2900,2243.0000
108809.7910,94598.0000
339520.5800,71307.0000
2488563.2434,12111.0000
1121765.2143,7428.0000
749510.9237,4181405.0000
2488563.2434,6129.0000
2488563.2434,10602.0000
480916.4752,688932.0000
2488563.2434,1124.0000
2278496.8593,250652.0000
1182271.4738,19750461.0000
2488563.2434,3372196.0000
2488563.2434,2654.0000
2204592.9810,10759.0000
2488563.2434,558619.0000
2488563.2434,2929.0000
3805817.3373,1388673.0000
2488563.2434,16205.0000
2488563.2434,103541.0000
4939423.3646,60.0000
2488563.2434,88544.0000
2488563.2434,7515.0000
2223211.9458,1717.0000
2488563.2434,158329.0000
2453333.3024,17830.0000
5637835.2661,1720287.0000
2488563.2434,66730.0000
8534049.5000,93011.0000
2362126.2200,183225.0000
709907.6415,282361.0000
2488563.2434,359.0000
2039801.6900,764504.0000
842528.7418,557.0000
4696669.0300,7834309.0000
2488563.2434,180.0000
2488563.2434,54873.0000
48606.1067,8512.0000
616271.4533,3610118.0000
2488563.2434,2428542.0000
1676911.7075,4822423.0000
2488563.2434,40682533.0000
3647645.2834,270759.0000
2370838.5814,506145.0000
2488563.2434,1437.0000
4854209.0639,36975.0000
2488563.2434,5105.0000
7419381.0909,2551654.0000
719147.3433,139511.0000
2488563.2434,1606.0000
2488563.2434,3132.0000
2488563.2434,7822.0000
1818860.7585,2668.0000
2488563.2434,511402.0000
6607959.2500,354310.0000
2337047.2900,82174.0000
3682872.6200,5721280.0000
1713082.9796,2523084.0000
180965.2441,380969.0000
2488563.2434,615340.0000
1070564.2850,9170.0000
9635012.4300,811.0000
180915.9091,5342.0000
2488563.2434,481767.0000
2340298.7915,1744618.0000
2488563.2434,102370.0000
9631576.1353,666591.0000
1025200.3148,283799.0000
2488563.2434,2404804.0000
2488563.2434,2308288.0000
1046846.4513,47120.0000
2488563.2434,10683.0000
5429350.1358,28149.0000
2488563.2434,24004.0000
2037083.9422,21419947.0000
1801240.1016,430713.0000
1642544.0988,406453.0000
10936913.4755,6564.0000
99888.9789,108215.0000
558651.3250,1224839.0000
626995.3827,19590954.0000
18240314.3938,102623.0000
3368258.3794,8552010.0000
2488563.2434,21131.0000
1504800.8600,7219176.0000
2488563.2434,1639602.0000
33875197.7000,1589042.0000
2488563.2434,357.0000
37709226.6857,48814038.0000
7953790.9284,38602.0000
1574112.3300,12.0000
4220436.9600,273816.0000
2488563.2434,159.0000
2488563.2434,4077960.0000
2488563.2434,4824.0000
2488563.2434,36784530.0000
1582755.2897,465905.0000
1022651.8243,4634863.0000
2488563.2434,613.0000
2488563.2434,550.0000
2488563.2434,824218.0000
3383224.0917,739573.0000
184465.3042,24896.0000
1331352.0155,64302.0000
2488563.2434,84252.0000
2488563.2434,99946.0000
2488563.2434,758404.0000
2411347.4418,60271.0000
2488563.2434,94.0000
549187.0300,39.0000
6517141.6575,710.0000
320177.9225,83081.0000
7737663.9764,109076.0000
2488563.2434,52599.0000
2488563.2434,395555.0000
3792409.2678,154520.0000
1775928.1151,2530694.0000
1348180.6314,382.0000
1032694.8009,395642.0000
5234665.4500,9709795.0000
2488563.2434,243815.0000
3454018.4216,57688.0000
77467.0100,633.0000
42790168.1273,12914206.0000
68148.7300,87201.0000
4565187.7227,4941089.0000
41129964.3616,64492.0000
2488563.2434,34129.0000
2488563.2434,202.0000
57687.6437,2672227.0000
1182271.4738,38118.0000
15028872.4750,4795.0000
2488563.2434,335956.0000
2488563.2434,18846309.0000
2488563.2434,78.0000
2488563.2434,655543.0000
3619145.3100,337598.0000
2488563.2434,50169.0000
328053.5575,455322.0000
342881.0750,24342.0000
1586250.7332,1685.0000
2488563.2434,63909.0000
2488563.2434,86334.0000
325860.6917,654.0000
2278496.8593,975.0000
710469.8176,748.0000
695804.6158,83462.0000
2340298.7915,4335.0000
2488563.2434,32216.0000
10993705.1126,170.0000
236299.2500,20727.0000
8515171.8845,2607558.0000
1505500.0632,22449.0000
416977.6900,227835.0000
2488563.2434,874.0000
2488563.2434,24.0000
123988.3000,625498.0000
3902352.0750,717128.0000
2488563.2434,1012913.0000
892086.2446,169490.0000
1826953.3522,65785.0000
1349237.0473,149256.0000
2488563.2434,938547.0000
2488563.2434,180509.0000
2488563.2434,523688.0000
2988256.0872,2682257.0000
2043682.1957,248016.0000
2694501.4500,84928.0000
5338929.3622,17878045.0000
2488563.2434,100.0000
2429539.0599,392345.0000
2488563.2434,1549247.0000
2488563.2434,16810.0000
4549932.0583,146244.0000
1450602.1900,914372.0000
2488563.2434,79671.0000
10561366.5208,83441.0000
1467530.9961,3810010.0000
1722280.7700,1268116.0000
1438514.7500,2469012.0000
2488563.2434,23433.0000
2488563.2434,520330.0000
2488563.2434,1242148.0000
2488563.2434,49063253.0000
2429539.0599,261331.0000
1127146.3429,702133.0000
2488563.2434,170794.0000
2488563.2434,407.0000
2488563.2434,394.0000
685262.5539,4487805.0000
2124648.9362,35192.0000
2307756.2598,2964.0000
3856219.7980,9405706.0000
3419247.4253,244107.0000
2488563.2434,1130.0000
744921.0525,25867.0000
2488563.2434,70318.0000
7339841.1777,1724874.0000
5633997.3200,25160929.0000
2488563.2434,44115.0000
4339909.0880,279622.0000
254131.9282,82613.0000
1642544.0988,1227713.0000
2488563.2434,10311059.0000
1086444.8950,1252.0000
1058658.0323,224091.0000
2488563.2434,41978.0000
585223.0996,4495.0000
2488563.2434,186407.0000
2488563.2434,2537960.0000
4884111.5332,48788.0000
2488563.2434,20523.0000
2488563.2434,38.0000
2488563.2434,34628.0000
4862776.0775,430.0000
2488563.2434,22788.0000
1642544.0988,166466.0000
1442056.2538,13868735.0000
6907270.3400,890762.0000
2488563.2434,60444.0000
2488563.2434,77693.0000
2488563.2434,2087.0000
2340298.7915,130295.0000
1642544.0988,16951.0000
379853.5613,249057.0000
12825098.2689,31776.0000
4074745.8031,74979.0000
2362252.0525,456.0000
8241884.5122,4945.0000
2488563.2434,383.0000
2488563.2434,189106.0000
12676979.6633,492.0000
433771.1797,1993693.0000
2488563.2434,17658628.0000
2488563.2434,110483.0000
2488563.2434,416.0000
1801205.1998,120119.0000
6117797.2916,71242.0000
2829216.1529,6339890.0000
2488563.2434,1644413.0000
23898557.4345,15223692.0000
10301132.6593,3137713.0000
2488563.2434,31373376.0000
3538569.1524,2677616.0000
1182271.4738,1295425.0000
2488563.2434,2451.0000
4576806.7208,65679.0000
2488563.2434,519.0000
1175872.5177,84158.0000
3801317.6700,8019047.0000
5927132.3000,84.0000
2488563.2434,32310.0000
2488563.2434,16.0000
4777641.3756,187098.0000
2488563.2434,1104601.0000
841577.4350,1873455.0000
2429539.0599,71717.0000
2800835.2000,158.0000
2488563.2434,8246.0000
2488563.2434,34126661.0000
2488563.2434,178649.0000
2460277.3600,1752337.0000
2488563.2434,668.0000
1270611.9500,6978403.0000
7440316.9468,12221.0000
2429539.0599,21326.0000
17490.3298,14180.0000
2488563.2434,137271.0000
812530.3250,152178.0000
2488563.2434,731348.0000
11461370.0117,1524098.0000
7621866.4394,341.0000
2488563.2434,11579305.0000
2488563.2434,844758.0000
6956847.2110,264495.0000
1010088.0560,190105.0000
8058113.0400,2209765.0000
2488563.2434,131.0000
2488563.2434,3517.0000
2488563.2434,2329696.0000
144745.2750,557.0000
816678.3249,27773.0000
5645540.7100,530529.0000
1642544.0988,41697.0000
2488563.2434,504437.0000
1477656.5270,110739.0000
2488563.2434,14303.0000
846403.2761,359183.0000
2488563.2434,35089.0000
8995228.7211,162760.0000
2488563.2434,47838.0000
12921934.8803,614133.0000
2488563.2434,1114020.0000
2107879.6796,287306.0000
4794863.5983,20174.0000
602097.6045,26426.0000
2124648.9362,426.0000
1801205.1998,186256.0000
2488563.2434,12281412.0000
5736999.9059,14105.0000
2016904.7403,15119556.0000
2488563.2434,4413.0000
1569662.1725,1222449.0000
779926.8196,13310026.0000
2488563.2434,2822262.0000
2326840.9750,508806.0000
2488563.2434,5317.0000
824280.6659,71699.0000
12981955.5474,2581202.0000
17512.2284,579132.0000
2488563.2434,306146.0000
1732132.7030,310.0000
5010669.1096,102169.0000
2791784.3643,514582.0000
5549072.8739,54786.0000
7419381.0909,71132.0000
2429539.0599,24.0000
9464912.5100,3091287.0000
2104249.9700,1599588.0000
2488563.2434,446170.0000
2488563.2434,1492219.0000
920213.2580,77202419.0000
13999131.1850,1308632.0000
4243021.5253,797751.0000
2488563.2434,1674097.0000
4555142.5515,7693793.0000
2608909.4889,364.0000
9278135.5850,2280252.0000
2488563.2434,2213207.0000
7250841.2850,56985.0000
2488563.2434,6373.0000
2488563.2434,278309.0000
2488563.2434,18333.0000
10483374.2800,1391087.0000
2488563.2434,56159562.0000
448748.0886,2865.0000
7880995.4775,577685.0000
3179312.6867,440844.0000
16018672.0800,438915.0000
353174.5275,15728.0000
2488563.2434,2885588.0000
360227.9008,1719.0000
2488563.2434,21292458.0000
2429539.0599,78770.0000
5882326.0000,1.0000
2488563.2434,445175.0000
6624316.3416,2726259.0000
1182271.4738,2907.0000
2787701.2748,5123.0000
160652.8050,72777.0000
341572.3517,441.0000
465123.7081,5103946.0000
2488563.2434,206995.0000
2488563.2434,3498012.0000
2488563.2434,25222.0000
269076.9345,54023097.0000
2488563.2434,885529.0000
2653155.8167,198232.0000
1171118.4812,17706.0000
1347671.0366,3208853.0000
2278496.8593,615742.0000
2326840.9750,63393356.0000
3438156.9080,2113.0000
2488563.2434,592826.0000
15424559.7751,136.0000
1073128.8060,6088.0000
1122949.0090,200515.0000
342200.1397,1999174.0000
247092.5196,49690.0000
2488563.2434,15897.0000
2488563.2434,204854.0000
2488563.2434,1518937.0000
2488563.2434,1699285.0000
220896.9415,2238.0000
4731648.0200,28577.0000
2488563.2434,1294717.0000
2198921.6659,474564.0000
3819338.7642,103933.0000
416368.9809,7780118.0000
2230473.0825,776523.0000
2488563.2434,2174889.0000
1716095.2008,7384.0000
2581988.5922,54860.0000
2488563.2434,394039.0000
879224.7937,299.0000
2488563.2434,240198.0000
545024.6200,65635.0000
2488563.2434,16423.0000
968985.4309,5339998.0000
970086.2023,44915.0000
2326642.9850,5035.0000
2488563.2434,378699.0000
2488563.2434,39449049.0000
2124648.9362,48435.0000
2488563.2434,916894.0000
2488563.2434,37915.0000
4869060.4445,3824.0000
344955.5699,144758.0000
6525433.1900,776.0000
2267820.8281,234713.0000
2488563.2434,180585.0000
2488563.2434,249371.0000
13714395.9533,65506.0000
2488563.2434,9189.0000
2488563.2434,2002330.0000
2488563.2434,875214.0000
5664631.2517,2136.0000
1730893.5480,2145183.0000
2488563.2434,969.0000
1120623.0567,7512.0000
2488563.2434,14290.0000
2488563.2434,640.0000
7002401.4700,43728.0000
5575092.3700,67404.0000
7186557.8800,22.0000
2488563.2434,924318.0000
2488563.2434,21096.0000
315587.4725,38041296.0000
38597262.0250,28278.0000
2488563.2434,199740.0000
2488563.2434,76791.0000
2488563.2434,2049739.0000
969358.8994,4549.0000
2488563.2434,622211.0000
1801205.1998,3801.0000
2488563.2434,5139355.0000
1839713.5622,81624.0000
2488563.2434,39030.0000
3868869.9556,1234803.0000
10851020.2700,11056886.0000
890170.7151,136511.0000
2488563.2434,694578.0000
2488563.2434,1020677.0000
21701869.8450,227.0000
13070863.0546,134077.0000
2939314.7500,11934282.0000
2488563.2434,63472538.0000
2488563.2434,1114185.0000
1716095.2008,320484.0000
2488563.2434,189579.0000
17653784.1199,1300880.0000
2488563.2434,25278.0000
3143476.5152,427206.0000
493476.3353,2051.0000
582130.9354,3880903.0000
2488563.2434,463392.0000
2488563.2434,225402.0000
1059720.5646,172059.0000
2488563.2434,105066.0000
120111.8517,520214.0000
2488563.2434,367.0000
220250.3098,250506.0000
2488563.2434,617440.0000
25861.8867,923049.0000
2488563.2434,43291.0000
1721272.1305,2321057.0000
2488563.2434,659.0000
25427962.9728,50003.0000
4245658.0000,44839485.0000
291048.8943,3541672.0000
1781190.3800,18074340.0000
10519189.9670,1052195.0000
1570242.2607,210364.0000
3878932.5938,2694051.0000
7116656.1833,52138021.0000
269076.9345,1472.0000
2488563.2434,9696.0000
2488563.2434,21444.0000
2488563.2434,454041.0000
1229220.9224,319549.0000
2488563.2434,19415.0000
2488563.2434,270858.0000
2037083.9422,97063.0000
316005.8256,28369766.0000
2488563.2434,3592697.0000
2557035.9015,4849.0000
4555142.5515,2899.0000
2488563.2434,62070944.0000
1000160.9034,884488.0000
1620748.7306,612455.0000
2488563.2434,14731.0000
2488563.2434,1609701.0000
753052.4022,109037.0000
2488563.2434,23558.0000
19729961.9361,96280.0000
3482241.7087,62917.0000
2488563.2434,66667254.0000
1431206.8648,340548.0000
1855528.3557,3364076.0000
888856.3187,591.0000
2488563.2434,4012941.0000
2340298.7915,4790804.0000
523118.2727,7345404.0000
2488563.2434,964035.0000
12255492.3584,1299.0000
2488563.2434,6503.0000
88304.7306,20875.0000
2488563.2434,23366.0000
2488563.2434,1156.0000
2488563.2434,77722.0000
5753916.4621,642178.0000
2488563.2434,860315.0000
2488563.2434,6126011.0000
2488563.2434,401.0000
6409037.5150,224223.0000
2488563.2434,93686.0000
613925.3475,2301.0000
2488563.2434,723931.0000
2488563.2434,177552.0000
422482.0772,1126796.0000
2488563.2434,964136.0000
788551.6248,136.0000
858799.9269,1159273.0000
5904102.1100,3812950.0000
5787153.6844,13909362.0000
1157758.6728,27197.0000
2488563.2434,23515.0000
35137433.1666,74750.0000
2488563.2434,207.0000
781938.4341,175471.0000
668400.3247,467.0000
2488563.2434,5574.0000
2488563.2434,800.0000
2488563.2434,243962.0000
2488563.2434,276339.0000
4465939.2700,869747.0000
7419381.0909,468457.0000
2488563.2434,5582.0000
17602447.4760,11938284.0000
2488563.2434,2804.0000
1128473.5350,7058555.0000
4555142.5515,15447061.0000
11889542.5900,31.0000
799515.8459,1595494.0000
5745644.9668,3932008.0000
7906269.0150,414850.0000
6804585.6516,593183.0000
10982753.2217,33181.0000
16234283.7263,29267.0000
779687.4093,80346.0000
2488563.2434,397180.0000
23385247.9167,4301218.0000
2488563.2434,224477.0000
2488563.2434,6995.0000
2042170.0313,215518.0000
2488563.2434,402.0000
539865.6608,179847.0000
2488563.2434,597093.0000
2488563.2434,34429.0000
2488563.2434,2958823.0000
2488563.2434,5696.0000
2140642.3706,8512088.0000
2488563.2434,261765.0000
2488563.2434,6267961.0000
2488563.2434,652052.0000
380357.6606,2743.0000
2488563.2434,863866.0000
1891073.5551,3515046.0000
4855558.8800,29527387.0000
2488563.2434,11586702.0000
2488563.2434,15891.0000
7001823.8700,21908154.0000
2033722.9886,1610.0000
123988.3000,63582.0000
604287.6653,1004.0000
888856.3187,14983.0000
2488563.2434,3894.0000
7508422.3000,12134256.0000
1504476.5950,172363.0000
2488563.2434,793568.0000
2488563.2434,1495892.0000
2488563.2434,786893.0000
15136325.8200,1779.0000
2488563.2434,182377.0000
1548985.9248,311191.0000
3919600.0640,440773.0000
2488563.2434,16596.0000
2488563.2434,77452.0000
3057222.5150,14372.0000
1059534.1301,41339.0000
4898493.2933,23002647.0000
1003437.7673,11151159.0000
2488563.2434,21777.0000
1824698.4011,960.0000
703675.1737,6727904.0000
2488563.2434,3226.0000
404161.7685,15219.0000
9870868.8000,10491374.0000
2488563.2434,12885643.0000
801942.2700,117957.0000
1379232.2121,874162.0000
4312607.8634,253.0000
13139166.9350,27.0000
2488563.2434,70.0000
533763.4691,12819.0000
2488563.2434,849001.0000
2945728.2967,85081.0000
2488563.2434,11565.0000
2488563.2434,48847.0000
2488563.2434,6707.0000
1874753.9382,497314.0000
979248.0381,96.0000
2488563.2434,68943.0000
2488563.2434,743.0000
1560741.7994,4040204.0000
2488563.2434,4033808.0000
5843997.8240,41665298.0000
2488563.2434,3626260.0000
2488563.2434,812488.0000
1844318.0300,45323786.0000
2488563.2434,73444.0000
830512.7525,1455.0000
2488563.2434,6451683.0000
2488563.2434,71157.0000
2488563.2434,88612.0000
533609.0510,528655.0000
2121941.3500,235260.0000
978823.4873,14166.0000
2488563.2434,194935.0000
2429539.0599,26714.0000
11421258.4267,1726639.0000
2488563.2434,1984251.0000
6436492.5101,360892.0000
2488563.2434,4945076.0000
3703178.3226,890875.0000
2488563.2434,686.0000
2488563.2434,2666.0000
2488563.2434,12748712.0000
2488563.2434,368403.0000
737630.4778,156481.0000
3271299.7880,6042823.0000
887279.9143,65909.0000
2488563.2434,2519.0000
2488563.2434,142183.0000
1263885.0349,1170.0000
662989.0600,42262.0000
910954.4660,92636.0000
2488563.2434,946406.0000
2488563.2434,1821.0000
2278496.8593,67532.0000
2488563.2434,5075.0000
2488563.2434,291679.0000
2488563.2434,2481.0000
2488563.2434,602474.0000
2488563.2434,4928.0000
1993596.0645,47225731.0000
2488563.2434,6090540.0000
7272947.4410,11179.0000
315587.4725,787348.0000
3147933.2792,1130.0000
2488563.2434,45588.0000
4555142.5515,19107.0000
2488563.2434,4867.0000
2488563.2434,61202.0000
8026255.3900,35004.0000
2488563.2434,10322841.0000
2278496.8593,249369.0000
912166.8440,4483.0000
2945553.4340,19112108.0000
2488563.2434,11003.0000
2488563.2434,2618.0000
1506250.7411,11096104.0000
27447332.7811,11151.0000
2488563.2434,431512.0000
3844877.0145,11501359.0000
2488563.2434,480.0000
6435784.7100,1332485.0000
1642544.0988,3263.0000
2488563.2434,13825.0000
2488563.2434,602984.0000
2488563.2434,1523128.0000
2488563.2434,82056.0000
2621602.5454,424.0000
2376378.7533,166398.0000
4094907.1200,1864877.0000
711526.3532,266.0000
2488563.2434,147396.0000
2488563.2434,1512.0000
2488563.2434,131783.0000
641256.3700,169472.0000
7284209.8161,71734.0000
5637835.2661,87091.0000
1007565.2393,164394.0000
1191350.3214,9966.0000
2488563.2434,82424.0000
57687.6437,704401.0000
21268399.4620,83035.0000
2488563.2434,1087753.0000
2469344.0494,14941316.0000
2488563.2434,45630.0000
2488563.2434,31377.0000
1064110.3886,5667255.0000
3173568.7485,591528.0000
15083744.8133,1072.0000
2796283.5949,225204.0000
2488563.2434,168913.0000
4533036.8661,2477014.0000
614248.5300,360035.0000
1094786.9084,225714.0000
2488563.2434,6892.0000
4938258.9110,495681.0000
2488563.2434,4111875.0000
1642544.0988,25549.0000
85047.0594,862420.0000
4555142.5515,33497.0000
3769406.2743,97115.0000
2488563.2434,74489.0000
4746874.8123,1908155.0000
2488563.2434,6749289.0000
9895612.1142,764010.0000
2488563.2434,221015.0000
402745.2080,759064.0000
2488563.2434,1644.0000
2488563.2434,7300.0000
2488563.2434,51873641.0000
3432630.3297,47527.0000
4289071.0485,365434.0000
2488563.2434,3092.0000
2488563.2434,34507.0000
1191350.3214,340248.0000
982745.8585,2125.0000
4555142.5515,69275.0000
1719756.0998,1829562.0000
1111232.2400,994.0000
1184364.8841,49253.0000
2488563.2434,1326.0000
2958477.1053,6412176.0000
1213996.5700,47083.0000
2886238.6300,2765142.0000
755444.5775,1423649.0000
2488563.2434,151792.0000
2488563.2434,20512.0000
3796423.8924,153450.0000
844493.4700,1604442.0000
1642544.0988,57729.0000
2868550.5641,583806.0000
6461303.0304,173268.0000
172446.4010,649259.0000
2488563.2434,1274939.0000
2488563.2434,2722.0000
2488563.2434,176813.0000
2488563.2434,95516.0000
3116534.1700,1323080.0000
2488563.2434,7269.0000
2488563.2434,2582354.0000
10623117.4914,37604.0000
1507340.9130,360353.0000
8399989.6633,960860.0000
4651694.5067,31749.0000
2488563.2434,840770.0000
801726.7367,506253.0000
9158027.6000,193121.0000
2488563.2434,136370.0000
2488563.2434,8846205.0000
989212.9042,149679.0000
2278496.8593,2557.0000
1104969.1866,7081015.0000
1327679.1100,830931.0000
17204766.2374,233597.0000
7419381.0909,1641.0000
2488563.2434,2126282.0000
682442.4627,21038.0000
2488563.2434,244020.0000
11109465.4500,2618167.0000
1039313.7655,15573.0000
2488563.2434,32.0000
9890565.1903,2424412.0000
2488563.2434,13809.0000
2488563.2434,2455.0000
7745650.2950,190688.0000
27107367.8161,6258525.0000
2488563.2434,93947.0000
2488563.2434,446790.0000
9296180.1350,168761.0000
1516214.5161,12916324.0000
631671.9935,15454932.0000
2488563.2434,1084.0000
13771358.1447,64215641.0000
12611450.9925,37384.0000
12080974.4363,2120313.0000
6618713.7900,1250064.0000
10579871.0925,3856.0000
3863519.5900,39324.0000
2488563.2434,287969.0000
5644601.7217,204183.0000
2488563.2434,3413.0000
2488563.2434,20928.0000
3839502.6800,1486317.0000
2488563.2434,15842287.0000
2708487.2795,14445.0000
5843997.8240,20455.0000
5010669.1096,533879.0000
2488563.2434,20666.0000
10835808.6750,93285.0000
3805817.3373,231358.0000
2488563.2434,2396.0000
533609.0510,125098.0000
321767.7500,476.0000
2488563.2434,341789.0000
3011475.3522,143356.0000
2488563.2434,695837.0000
1069941.7670,254403.0000
931256.1200,119226.0000
2413127.0000,32059893.0000
2488563.2434,3068.0000
2488563.2434,85046.0000
2488563.2434,14830239.0000
1184341.1525,551196.0000
709907.6415,2481998.0000
2488563.2434,2195181.0000
889107.9629,158825.0000
2488563.2434,1749868.0000
3432630.3297,46093.0000
9320419.0899,657772.0000
2488563.2434,4518747.0000
2488563.2434,207363.0000
2488563.2434,162300.0000
936519.8298,453960.0000
95377.8450,594176.0000
4858634.3632,5129528.0000
2488563.2434,114635.0000
2488563.2434,3276.0000
25437747.9610,110197.0000
2488563.2434,135.0000
1975084.6238,4659.0000
422482.0772,122666.0000
2488563.2434,20173124.0000
2488563.2434,12089218.0000
2488563.2434,53442.0000
2488563.2434,20630465.0000
736864.1153,243884.0000
2427845.2175,4713237.0000
2488563.2434,2557.0000
1506250.7411,2815591.0000
123988.3000,8855484.0000
2488563.2434,966945.0000
2488563.2434,119.0000
269076.9345,7586105.0000
2488563.2434,243790.0000
2488563.2434,36982.0000
19510433.5818,76287660.0000
2488563.2434,191096.0000
2488563.2434,7958.0000
1197564.1798,1638099.0000
533609.0510,15828.0000
2488563.2434,379695.0000
1456146.4583,3073.0000
2488563.2434,264853.0000
2488563.2434,127421.0000
2488563.2434,3038.0000
1824820.1354,81853.0000
1127146.3429,11584253.0000
2994687.2750,95325.0000
2488563.2434,1689340.0000
2488563.2434,894025.0000
2488563.2434,5005831.0000
3825364.7096,502043.0000
2488563.2434,43899.0000
2488563.2434,64.0000
1505500.0632,13326.0000
3235003.9283,17.0000
1018057.4972,135312.0000
2488563.2434,17933.0000
2488563.2434,281.0000
6402496.5550,165278552.0000
2488563.2434,984149.0000
2488563.2434,75496.0000
779687.4093,1484941.0000
2488563.2434,708.0000
2488563.2434,234360.0000
1370878.0346,815113.0000
6706420.3650,11878839.0000
1586809.9464,545591.0000
2488563.2434,32256703.0000
2488563.2434,58202.0000
2488563.2434,13823713.0000
5637835.2661,48078354.0000
2488563.2434,112943302.0000
2974369.3647,46262.0000
339870.4941,405522.0000
2488563.2434,1513.0000
2488563.2434,19941646.0000
2488563.2434,9686.0000
5355543.5775,38508792.0000
2488563.2434,184950.0000
905972.0098,84756.0000
2488563.2434,9477.0000
2488563.2434,195934.0000
2488563.2434,3639.0000
2488563.2434,3041.0000
557826.6570,285286.0000
2488563.2434,1977279.0000
2488563.2434,1340718.0000
117369.7216,5464.0000
7419381.0909,4507194.0000
2278496.8593,120498.0000
955355.9784,2506361.0000
442260.8624,98622.0000
660239.9541,220468.0000
2488563.2434,411880.0000
2488563.2434,25671425.0000
2488563.2434,57022.0000
2488563.2434,13355362.0000
1778897.6800,33452646.0000
26350007.6600,93521.0000
1001284.0610,243837.0000
2488563.2434,44558.0000
2488563.2434,37299.0000
5125056.3418,28967.0000
19449190.1900,8481.0000
1127146.3429,235.0000
8543498.4761,6527.0000
41129964.3616,122860.0000
2488563.2434,42774.0000
808374.6821,164833.0000
13126804.4667,18242.0000
2696232.2375,15062.0000
5757020.6500,30584.0000
3177990.9852,149786.0000
2488563.2434,657.0000
2488563.2434,39042.0000
4555142.5515,103644.0000
9015332.2500,2262838.0000
1399256.1675,132517.0000
2488563.2434,2286924.0000
11764287.2558,47162.0000
2488563.2434,40897.0000
1623184.7200,9703775.0000
919797.3909,329.0000
2581988.5922,292453.0000
2488563.2434,12177.0000
2124648.9362,60738.0000
2488563.2434,11701.0000
2488563.2434,1625445.0000
2488563.2434,11551758.0000
16342626.1515,102987.0000
2488563.2434,4852.0000
1929215.7767,20871257.0000
1135245.9889,2884.0000
2488563.2434,3865805.0000
2488563.2434,116.0000
2047694.1258,793807.0000
2488563.2434,22295.0000
3076650.3900,4440639.0000
1029743.0436,14109.0000
827783.7879,7768.0000
2488563.2434,827422.0000
2278496.8593,3226324.0000
2488563.2434,13851.0000
1393801.9435,14348.0000
4293689.6670,64413.0000
1702676.5242,136246.0000
804400.9228,35765.0000
2488563.2434,83139.0000
5152971.1300,256198.0000
578122.6854,7239467.0000
838005.6667,431221.0000
2488563.2434,10124994.0000
41129964.3616,41357497.0000
1182271.4738,34293062.0000
2488563.2434,249900.0000
2488563.2434,1233184.0000
866551.2562,19320.0000
2488563.2434,242082.0000
2488563.2434,2663756.0000
3568850.4844,256434.0000
6180955.8350,876.0000
1688989.8000,14475.0000
27257.5587,3291.0000
960030.5561,216562.0000
2995675.9200,25289.0000
2068237.9088,10509.0000
2488563.2434,1078.0000
2488563.2434,4455993.0000
54876.4716,59297.0000
1642544.0988,19318.0000
3394195.4332,2459568.0000
2488563.2434,68743.0000
2792280.4600,331841.0000
2488563.2434,9759264.0000
2488563.2434,106552.0000
7672725.9009,493560.0000
2488563.2434,2581378.0000
8173134.8787,10208915.0000
735381.9603,37994.0000
2442452.5317,374747.0000
9210997.3167,336105.0000
2488563.2434,193849.0000
2488563.2434,67482364.0000
2124648.9362,633055.0000
545024.6200,1061247.0000
2488563.2434,6817562.0000
5637835.2661,3946.0000
8565908.8600,79.0000
901583.3423,1266.0000
1039313.7655,74247.0000
2488563.2434,1225.0000
8279244.8479,60011.0000
637885.7025,255568.0000
2488563.2434,20912.0000
2488563.2434,72151457.0000
2488563.2434,171921.0000
895269.7380,144.0000
2488563.2434,47625.0000
2488563.2434,585783.0000
2488563.2434,41217.0000
2360177.5658,11051776.0000
445824.7700,17634.0000
7839346.4083,7980.0000
2488563.2434,570487.0000
2124648.9362,134.0000
131532.8900,314.0000
2436244.4375,496909.0000
2488563.2434,164095.0000
2488563.2434,30453.0000
970086.2023,291969.0000
374248.6907,287091.0000
5613954.7200,38383428.0000
2488563.2434,679.0000
1640505.9149,3830884.0000
1361356.9835,4814393.0000
2340298.7915,122795.0000
2488563.2434,364699.0000
3703178.3226,978.0000
2488563.2434,518043.0000
7443.2734,308035.0000
2488563.2434,618.0000
2488563.2434,132707866.0000
304778.4339,2705829.0000
145985.4275,1303160.0000
2488563.2434,19252.0000
2488563.2434,2057316.0000
3127070.7250,788441.0000
2488563.2434,25223.0000
2488563.2434,662147.0000
2488563.2434,89902.0000
4658409.6998,12605322.0000
779687.4093,387026.0000
4060069.4330,848089.0000
4568962.5140,96715.0000
3312031.3100,35028.0000
2488563.2434,319771.0000
970086.2023,208438.0000
2488563.2434,20298585.0000
2488563.2434,367266.0000
2488563.2434,180582.0000
2488563.2434,539.0000
2340298.7915,1021149.0000
2429539.0599,44060.0000
2488563.2434,2051.0000
31996209.6367,7600777.0000
1950530.4562,1575073.0000
2488563.2434,90811.0000
2488563.2434,4728227.0000
11452868.0200,2216410.0000
2488563.2434,41319306.0000
3825364.7096,1279.0000
4870355.9000,83480.0000
2488563.2434,455185.0000
1893157.9347,64461.0000
8298640.5100,5406696.0000
2488563.2434,26953.0000
2488563.2434,743355.0000
12948484.6470,1416850.0000
2488563.2434,426519.0000
13557536.6875,302061.0000
1670733.2092,5216.0000
4544402.9018,323748.0000
2488563.2434,197504.0000
2488563.2434,184043.0000
2488563.2434,70868.0000
2488563.2434,53374.0000
2324795.0540,212540.0000
848908.0061,261644.0000
752894.9169,2954.0000
1642544.0988,2490472.0000
2829216.1529,248685.0000
2488563.2434,19829.0000
700287.2540,68503.0000
2488563.2434,18216.0000
13080978.1367,12867210.0000
2488563.2434,31830.0000
2488563.2434,16488.0000
2180052.8300,55996726.0000
2488563.2434,16450.0000
2488563.2434,1543693.0000
14937657.9500,21.0000
1775928.1151,32265078.0000
2488563.2434,17178157.0000
9527333.8800,11668866.0000
825374.2800,174.0000
2488563.2434,30320.0000
4819637.3000,735913.0000
7265705.4467,1646079.0000
2488563.2434,672.0000
3034576.0027,167127.0000
2488563.2434,10384361.0000
277135.8473,10706.0000
6305529.6450,1625172.0000
317476.4000,493270.0000
2488563.2434,56811.0000
11215272.9083,388242.0000
2488563.2434,7193.0000
2037083.9422,12996.0000
16237978.4533,2412195.0000
99746.2167,57632.0000
2488563.2434,810.0000
965928.9333,1493733.0000
2488563.2434,43651.0000
7723200.2300,72051.0000
991838.4248,365679.0000
3916348.3600,303731.0000
8040953.1500,1929.0000
7419381.0909,978576.0000
413020.5275,151767.0000
18373751.7386,899817.0000
5282951.5800,8286252.0000
1115691.2932,53718999.0000
2488563.2434,208.0000
14414261.4600,70517.0000
723783.3597,495.0000
2488563.2434,12682.0000
2488563.2434,649.0000
2507526.7239,12181.0000
2488563.2434,59.0000
1209546.0387,4139.0000
4031070.7600,164326.0000
8400227.9481,17978.0000
17893248.3200,19446978.0000
2488563.2434,1460429.0000
3597437.2380,87441.0000
2278496.8593,77470.0000
17590813.4300,763645.0000
2124648.9362,61082798.0000
3698327.9344,9344728.0000
3100814.2332,1847.0000
3655409.4400,1783231.0000
1313617.1300,1134226.0000
5637835.2661,10597.0000
2469344.0494,492011.0000
3107.6775,63881.0000
899941.8283,47.0000
2488563.2434,99176.0000
2488563.2434,4967.0000
2469344.0494,247929.0000
2488563.2434,213729.0000
2488563.2434,31612501.0000
4555142.5515,33324.0000
2488563.2434,4766.0000
2581988.5922,708294.0000
2488563.2434,13230.0000
254929.1878,7410720.0000
2786142.1328,30970.0000
703966.8794,3683530.0000
5741853.2685,7866.0000
2488563.2434,392.0000
2488563.2434,77321.0000
2488563.2434,4101361.0000
2488563.2434,2691.0000
35325771.3100,2592759.0000
2488563.2434,116801.0000
2488563.2434,350517.0000
2464033.4734,1237.0000
1642544.0988,14103.0000
9552379.9136,1913105.0000
3484114.8800,1485599.0000
8396472.8263,110207.0000
2488563.2434,488.0000
1243935.8833,248147.0000
2488563.2434,301003.0000
12170071.8650,20344822.0000
7419381.0909,258735.0000
2488563.2434,27202.0000
2488563.2434,49561.0000
8635762.3395,65923.0000
2488563.2434,1670932.0000
800388.0400,39647385.0000
2488563.2434,33424.0000
4280664.4300,72190367.0000
2488563.2434,2199880.0000
11038846.6200,17431.0000
2488563.2434,22207.0000
3136444.7295,44509165.0000
263012.9955,411.0000
2488563.2434,43809.0000
4192206.4600,182.0000
2488563.2434,1947.0000
2488563.2434,123088.0000
1621775.7172,187452.0000
14510480.4950,10025.0000
2946135.8600,871153.0000
60138.1219,47330.0000
2488563.2434,327053.0000
2078917.3587,10847.0000
1073128.8060,120691.0000
16342626.1515,65390.0000
